{
    "IsEncrypted": false,
  "Values": {
    "AzureWebJobsStorage": "DefaultEndpointsProtocol=https;AccountName=cookbookordemostorage;AccountKey=Hq7gtGCDvzNc7LeJCNwGVvu9J50C0ETDt1D6Gn8CpQqsZLFan/xyfynGWaMm0ZLYwwYo5RLZswgq+AStzZ8DHw==;EndpointSuffix=core.windows.net",
    "FUNCTIONS_WORKER_RUNTIME": "dotnet",
    "ServiceBusConnection": "Endpoint=sb://cookbookdemoorsb.servicebus.windows.net/;SharedAccessKeyName=RootManageSharedAccessKey;SharedAccessKey=PlXRebploz7y7PUmQ4GlzfJY4g1Kupe1ylqwwXqOdg8="
  }
}