{
  "generatedBy": "Microsoft.NET.Sdk.Functions.Generator-4.1.1",
  "configurationSource": "attributes",
  "bindings": [
    {
      "type": "httpTrigger",
      "methods": [
        "get"
      ],
      "authLevel": "function",
      "name": "req"
    },
    {
      "type": "serviceBus",
      "connection": "ServiceBusConnection",
      "queueOrTopicName": "ordersqueue",
      "entityType": "queue",
      "name": "$return",
      "direction": "out"
    }
  ],
  "disabled": false,
  "scriptFile": "../bin/CommunicationDemo.dll",
  "entryPoint": "CommunicationDemo.Sender.Run"
}